{
  "_comment": "AutoMLForecast Optuna-tuned params (default objective).",
  "n_estimators": 675,
  "learning_rate": 0.026585908882109703,
  "num_leaves": 95,
  "min_child_samples": 35,
  "subsample": 0.8323930520817325,
  "colsample_bytree": 0.9088540087875863,
  "reg_alpha": 0.006250391643347274,
  "reg_lambda": 0.011262001072312433,
  "random_state": 42,
  "n_jobs": -1,
  "verbosity": -1
}