{
  "_comment": "AutoMLForecast Optuna-tuned params (tweedie objective).",
  "tweedie_variance_power": 1.3957778739907227,
  "n_estimators": 768,
  "learning_rate": 0.01097922166612825,
  "num_leaves": 17,
  "min_child_samples": 97,
  "subsample": 0.6008868517264999,
  "colsample_bytree": 0.6366934640049406,
  "reg_alpha": 0.013630654982979768,
  "reg_lambda": 0.00036301513426285084,
  "random_state": 42,
  "n_jobs": -1,
  "verbosity": -1
}