model,stage,subset_name,Coverage_80,IntervalScore_80,wMAPE
Chronos-t5-mini,baseline,workshop_1000,0.7275459688826026,27.387854034525358,0.49443549482752003
AutoETS,baseline,workshop_1000,0.6428571428571429,45.321428571428584,1.0
LightGBM,ml,workshop_1000,0.6428571428571429,45.321428571428584,1.0
NHITS,dl,workshop_1000,0.6428571428571429,45.321428571428584,1.0
Naive,baseline,workshop_1000,0.6428571428571429,45.321428571428584,1.0
SeasonalNaive,baseline,workshop_1000,0.6428571428571429,45.321428571428584,1.0
