model,stage,subset_name,Coverage_80,IntervalScore_80,wMAPE
NHITS,dl,workshop_1000,0.8,25.575999347800302,0.4434794304137262
LightGBM,ml,workshop_1000,0.8,25.82617242469399,0.4673496778594281
AutoETS,baseline,workshop_1000,0.8993928571428571,25.584161668976748,0.47456727227467754
Chronos-t5-mini,baseline,workshop_1000,0.7283928571428572,27.208518289156324,0.4923056302524932
SeasonalNaive,baseline,workshop_1000,0.9443333333333334,32.53974310353369,0.5580176282139953
Naive,baseline,workshop_1000,0.9823690476190476,54.95685242573243,0.6651657417295126
